pipeline,query_id,query,rank,document_id,similarity,is_relevant,precision_at_5,recall_at_5,reciprocal_rank,preview,url
A,e1,RTS environmental classification construction project,1,D18972,0.6355661558115691,True,0.2,1.0,1.0,"The new RTS Environmental Classification system (RTS GLT) is designed for parties who are commissioning construction projects and who want to build in an environmentally responsible manner. The environmental classification system was developed for Finland, and it takes into accou",http://glt.rts.fi/etusivu/rts-ymparistoluokitus/rts-glt-environmental-classification-information-in-english/
A,e1,RTS environmental classification construction project,2,D07361,0.22523604010299228,False,0.2,1.0,1.0,CONSTRUCTION EQUIPMENTS 8 Small Construction . CONSTRUCTION EQUIPMENTS We are regularly supplying New brand Construction Equipments to African & Middle East countries. We supply these equipments from renowned manufacturers from India. All our manufacturers ... list of other Small,https://www.ciritornopontedera.it/mill/26436/list-of-building-construction-equipments.html
A,e1,RTS environmental classification construction project,3,D18135,0.20564373724126053,False,0.2,1.0,1.0,"21, Adeboye Solanke Avenue, off Allen Avenue Ikeja, Lagos State, Nigeria. The Institute of Environmental Accountants is a specialized accounting institution for the good purpose of promoting professionalism in environmental quality. We deals with the ways where the existing accou",https://www.nigerianseminarsandtrainings.com/tprovider/1336/Institute-of-Environmental-Accountants
A,e1,RTS environmental classification construction project,4,D16850,0.1519436251694395,False,0.2,1.0,1.0,"The mission of the Workforce Development Committee is to increase awareness of the construction industry to the emerging and existing workforce and to provide training, education, and a network of resources to the construction community, focusing on the ""merit shop"" philosophy. I",http://www.abcipc.org/Member-Services/Industry-Growth/Workforce-Development
A,e1,RTS environmental classification construction project,5,D12907,0.14976002029134244,False,0.2,1.0,1.0,"Etex is launching Dryco Systems, its lightweight dry construction solutions for exterior walls, at this year’s Batibouw. Motivated by scarce resources and energy savings, Etex’s dry construction solutions will pave the way for major innovations in the way we build and renovate wi",https://www.etexgroup.com/en/news/dry-construction-solutions-at-batibouw-20-02-2014
A,e2,medical second opinion advice treatment,1,D08371,0.5796830346432703,True,0.4,1.0,1.0,"What is a Online Medical Second Opinion? For over 25 years, patients and families have looked to We Care India for medical advice and treatment. Now you may consult with our world-renowned physicians from the comfort of your home utilizing the customized second opinion service th",https://indiahospitaltour.com/patient-services/second-opinion.html
A,e2,medical second opinion advice treatment,2,D10891,0.256425680244396,True,0.4,1.0,1.0,"""Find best Criticalcare Physicians in Dhaka to get instant medical advice and second opinion for your health problems. Ask the doctors online and consult them on face-to-face video chat or phone."" Get started now!",https://www.icliniq.com/search/online-doctors-directory/criticalcare-physician/Dhaka
A,e2,medical second opinion advice treatment,3,D00191,0.2005946890756062,False,0.4,1.0,1.0,"This title is a comprehensive account of the key aspects of medical leadership. A highly accessible, text book-style resource, it explores how the medical profession has evolved in tandem with administrative and structural aspects of the NHS. Assuming leadership roles at all stag",https://www.crcpress.com/Medical-Leadership-The-key-to-medical-engagement-and-effective-organisations/Spurgeon-Clark/p/book/9781785231612
A,e2,medical second opinion advice treatment,4,D27782,0.19033552717312288,False,0.4,1.0,1.0,❶Press Officer Resume Sample. Based on your requirements and skills you can shuffle these sections in the resume. Consults reference books and material including Internet to verify information before report is sent with a blank Investigates inconsistencies in medical reports Prod,http://fornewrip.tk/aaar/medical-transcription-resume-help-2469.php
A,e2,medical second opinion advice treatment,5,D12659,0.18819614937933438,False,0.4,1.0,1.0,"This guidance is for pharmacists who handle, use and sell/supply medical devices. What to do with medical device alerts. Why this guidance is important for you? What types of medical devices are sold in pharmacies? What factors do I need to consider when obtaining medical devices",https://www.rpharms.com/resources/quick-reference-guides/medical-devices
A,e3,big data healthcare systems,1,D11120,0.5312507759472984,True,0.2,1.0,1.0,The opportunities offered by Big Data will only materialize when healthcare systems move beyond the mere collection of large amounts of data. Linkage of previously separated data sets and their analysis using appropriate Big Data analytics offer new ways to accelerate research an,https://www.harmony-alliance.eu/for-patients-carers/4-important-questions-about-big-data-in-health
A,e3,big data healthcare systems,2,D11980,0.30629994779056136,False,0.2,1.0,1.0,"Doctorate of Healthcare Organization Program is designed for the healthcare professionals who are working in healthcare organizations especially in hospitals or in clinics and who would like to broaden their knowledge, expand their expertise and develop research skills with a foc",http://www.ciu.edu.tr/en/academic/institute-graduate-studies-and-research/professional-doctorate-programs/healthcare
A,e3,big data healthcare systems,3,D09253,0.2907348431773458,False,0.2,1.0,1.0,"SAN DIEGO AND WASHINGTON, D.C. – Sept. 5, 2018 – West Health, a family of nonpartisan, nonprofit organizations focused on healthcare research, policy and philanthropy, has appointed Cristina Boccuti, MA, MPP, formerly of the Kaiser Family Foundation, as director of health policy ",https://www.westhealth.org/press-release/west-health-policy-center-bolsters-commitment-to-lowering-healthcare-costs/
A,e3,big data healthcare systems,4,D04771,0.27510127511709914,False,0.2,1.0,1.0,One of the many changes that the new Regulation will deliver when it comes into force on 25 May 2018 is a new statutory obligation on data security that data processors must observe above and beyond contractual duties agreed with data controller customers. Under current EU data p,https://www.out-law.com/en/articles/2016/may/gdpr-potential-fines-for-data-security-breaches-more-severe-for-data-controllers-than-processors-says-expert/
A,e3,big data healthcare systems,5,D02154,0.25398588589950677,False,0.2,1.0,1.0,"The democratization of data is a real phenomenon, but building a sustainable data democracy means truly giving power to the people. The alternative is just a shift of power from traditional data analysts within IT departments to a new generation of data scientists and app develop",https://gigaom.com/2013/04/07/we-need-a-data-democracy-not-a-benevolent-data-dictatorship/
A,e4,foreign language instructor,1,D04076,0.4423254681352312,True,0.4,1.0,1.0,"Looking for Spanish language instructor to improve my reading, writing and speaking skills. We require the tutor to travel to our location at Gwal Pahari. A certification or degree in Spanish Language is preferred. The Spanish language instructor should be punctual and be willing",https://www.urbanpro.com/gurgaon/urgently-require-spanish-language-instructor-at-home-in-gwal-pahari/12552067
A,e4,foreign language instructor,2,D00702,0.4108670957032208,True,0.4,1.0,1.0,"Program in Teaching French as a Foreign Language was established in 1985 under the Department of Foreign Education. 2 full professors,3 assistant professors and 3 research assistant are currently working in the department. The Program in Teaching French as a Foreign Language offe",https://www.anadolu.edu.tr/en/academics/faculties/1889/program-in-french-language-teackktc-nationality/program-profile
A,e4,foreign language instructor,3,D25429,0.25979592325413253,False,0.4,1.0,1.0,"Note: If you're on an iPhone, you cannot change the language of Facebook through the mobile app. Instead, Facebook uses whatever language your phone is set up to use, so to change it you have to pick a different language for your entire phone. Do this through the Settings app via",https://www.basicfacebookhelp.com/2018/11/change-facebook-to-english.html
A,e4,foreign language instructor,4,D24483,0.2552250661970188,False,0.4,1.0,1.0,"Harald, you are a co-owner of Language Partners. Are you a linguist yourself, and how did you get into this competitive line of business? No, I’m not a linguist; I am a historian and a business man. In 2004, my family and some other families we befriended established a small inve",https://www.eflmagazine.com/interview-harald-kruithof/
A,e4,foreign language instructor,5,D00391,0.2370325552403018,False,0.4,1.0,1.0,"I’ve never understood the whole points thing, scholarships, etc. for open comps. I don’t do enough open comps for it to matter – but I’d love to understand it. I’ve tried to look it up and other than the official rules which are like reading a law-book ( in other words make no se",https://dancingwithstefanie.com/tag/dance-studio/
A,e5,New Jersey State barbecue championship,1,D02965,0.28440044263615827,False,0.2,1.0,0.5,"Although New Jersey is the fourth smallest state in the United States, it is the 11th most populous state in the country with over an estimated 8,900,000 people residing there. It is also statistically deemed the second wealthiest. New Jersey is bordered north and east by New Yor",https://randspear.com/rand-spear-new-jersey-office.php
A,e5,New Jersey State barbecue championship,2,D13763,0.24424273429118704,True,0.2,1.0,0.5,"THE NEW JERSEY STATE BARBECUE CHAMPIONSHIP ( njbbq.com) will be held July 10 to 12 in North Wildwood. The 17th annual throwdown, sanctioned by the top-dog Kansas City Barbeque Society, brings 72 teams from around the country to compete in four categories—chicken, pork ribs, pulle",http://digital.njmonthly.com/njmonthly/july_2015?pg=50
A,e5,New Jersey State barbecue championship,3,D13112,0.21983343158412239,False,0.2,1.0,0.5,"Wholesale Nfl Jerseys China | Cheap Jerseys Everyday Wholesale, Free Worldwide Shipping! baseball with their World Series victory over the Tampa Bay Rays. They has a large and loyal fan base wholesale nfl jerseys China even though it has been one wholesale nfl jerseys Final Sales",http://www.cheapjerseyfan.com/tag/wholesale-nfl-jerseys-china
A,e5,New Jersey State barbecue championship,4,D21572,0.1940254662381212,False,0.2,1.0,0.5,"Just as the weather gets warmer, Scottish company Endura has launched a superlight 85 gram jersey as part of its FS260 pro-level kit. With an athletic cut which avoids windflap, the jersey is the same spec as those supplied to the Movistar, although without their colour scheme. U",https://www.cyclingweekly.com/news/product-news/endura-launches-super-lightweight-jersey-165618
A,e5,New Jersey State barbecue championship,5,D16423,0.18256653261112368,False,0.2,1.0,0.5,"Tom has a 10 year track record of working alongside many of the leading UK and global law firms on corporate and finance transactions with a Jersey law element. He has significant experience advising UK and international corporates, banks and institutions on deals involving a wid",https://www.bedellcristin.com/newsexperience/news/2013/bedell-cristin-strengthens-london-based-jersey-legal-team-with-senior-hire/
B,e1,RTS environmental classification construction project,1,D18972,0.7504848113055422,True,0.2,1.0,1.0,"The new RTS Environmental Classification system (RTS GLT) is designed for parties who are commissioning construction projects and who want to build in an environmentally responsible manner. The environmental classification system was developed for Finland, and it takes into accou",http://glt.rts.fi/etusivu/rts-ymparistoluokitus/rts-glt-environmental-classification-information-in-english/
B,e1,RTS environmental classification construction project,2,D08528,0.23416725211768646,False,0.2,1.0,1.0,History of maize classification. How races used in classification. Geographical distribution. Existing races of maize in Mexico.,https://books.google.rs/books?id=tXxQAAAAMAAJ&amp;hl=sr&amp;source=gbs_book_other_versions_r&amp;cad=4
B,e1,RTS environmental classification construction project,3,D18135,0.21183818497407197,False,0.2,1.0,1.0,"21, Adeboye Solanke Avenue, off Allen Avenue Ikeja, Lagos State, Nigeria. The Institute of Environmental Accountants is a specialized accounting institution for the good purpose of promoting professionalism in environmental quality. We deals with the ways where the existing accou",https://www.nigerianseminarsandtrainings.com/tprovider/1336/Institute-of-Environmental-Accountants
B,e1,RTS environmental classification construction project,4,D07361,0.20641180946052498,False,0.2,1.0,1.0,CONSTRUCTION EQUIPMENTS 8 Small Construction . CONSTRUCTION EQUIPMENTS We are regularly supplying New brand Construction Equipments to African & Middle East countries. We supply these equipments from renowned manufacturers from India. All our manufacturers ... list of other Small,https://www.ciritornopontedera.it/mill/26436/list-of-building-construction-equipments.html
B,e1,RTS environmental classification construction project,5,D18363,0.16382041943756442,False,0.2,1.0,1.0,"So till this day, I can run large projects and create solid project plans knowing only about 40% of the functionality in Microsoft Project. In this article, I want to show you the minimal steps you need to create a project plan in Microsoft Project.... So till this day, I can run",http://cccvitalsigns.com/victoria/how-to-develop-a-business-plan-for-a-project.php
B,e2,medical second opinion advice treatment,1,D08371,0.6336814674912022,True,0.4,1.0,1.0,"What is a Online Medical Second Opinion? For over 25 years, patients and families have looked to We Care India for medical advice and treatment. Now you may consult with our world-renowned physicians from the comfort of your home utilizing the customized second opinion service th",https://indiahospitaltour.com/patient-services/second-opinion.html
B,e2,medical second opinion advice treatment,2,D10891,0.2920794147047019,True,0.4,1.0,1.0,"""Find best Criticalcare Physicians in Dhaka to get instant medical advice and second opinion for your health problems. Ask the doctors online and consult them on face-to-face video chat or phone."" Get started now!",https://www.icliniq.com/search/online-doctors-directory/criticalcare-physician/Dhaka
B,e2,medical second opinion advice treatment,3,D22382,0.29141244758188684,False,0.4,1.0,1.0,"Hi, my name is .... well... Summer. That's not my real name, of course (names changed to protect the innocent) but I am a real person who is really on DC Workers' Compensation and receiving medical treatment. You may be wondering, is it really as difficult and challenging as they",https://www.donahoekearney.com/blog/adventures-of-handling-your-own-dc-workers-comp-case.cfm
B,e2,medical second opinion advice treatment,4,D17393,0.25232325721116566,False,0.4,1.0,1.0,"Start enjoying all the features and tools of Baby Corner by logging into your account here. All information on this site is for informational purposes only. All content and articles and tools provided on thebabycorner.com or our partner websites is written by parents, for parents",https://www.thebabycorner.com/member-login.php
B,e2,medical second opinion advice treatment,5,D06345,0.2204381666800243,False,0.4,1.0,1.0,"You will get a lot of unsolicited and quite frankly ridiculous advice from people when they hear you’re going to tie the knot. Just like having kids, EVERYONE has an opinion. They all think they know the secret, but.. Surprise! There is no “secret” and every relationship is diffe",http://tinabsworld.com/2014/05/marriage-advice-older-sister/
B,e3,big data healthcare systems,1,D11120,0.6440229125108833,True,0.2,1.0,1.0,The opportunities offered by Big Data will only materialize when healthcare systems move beyond the mere collection of large amounts of data. Linkage of previously separated data sets and their analysis using appropriate Big Data analytics offer new ways to accelerate research an,https://www.harmony-alliance.eu/for-patients-carers/4-important-questions-about-big-data-in-health
B,e3,big data healthcare systems,2,D11980,0.3064623133662505,False,0.2,1.0,1.0,"Doctorate of Healthcare Organization Program is designed for the healthcare professionals who are working in healthcare organizations especially in hospitals or in clinics and who would like to broaden their knowledge, expand their expertise and develop research skills with a foc",http://www.ciu.edu.tr/en/academic/institute-graduate-studies-and-research/professional-doctorate-programs/healthcare
B,e3,big data healthcare systems,3,D01780,0.30517330836080375,False,0.2,1.0,1.0,"How do companies innovate with big data? It starts with human-centered design thinking. As the mom of a toddler, I spend most of my waking hours covered in a mixture of applesauce, milk, and general baby-themed liquids. But it turns out, there are some clever ways to innovate wit",https://start-within.com/ll-bean-innovate-with-big-data/
B,e3,big data healthcare systems,4,D17002,0.29803751466553663,False,0.2,1.0,1.0,"Organizations around the globe are facing a similar problem: how to make sure the data they’re looking at accurately reflects the data they need to make the right business decisions. Kash Medhi, Senior Product Specialist at Collibra, will discuss how businesses in different indus",https://www.collibra.com/landing_page/data-governance-around-the-world
B,e3,big data healthcare systems,5,D09253,0.29479813705935964,False,0.2,1.0,1.0,"SAN DIEGO AND WASHINGTON, D.C. – Sept. 5, 2018 – West Health, a family of nonpartisan, nonprofit organizations focused on healthcare research, policy and philanthropy, has appointed Cristina Boccuti, MA, MPP, formerly of the Kaiser Family Foundation, as director of health policy ",https://www.westhealth.org/press-release/west-health-policy-center-bolsters-commitment-to-lowering-healthcare-costs/
B,e4,foreign language instructor,1,D04076,0.4422153323374236,True,0.4,1.0,1.0,"Looking for Spanish language instructor to improve my reading, writing and speaking skills. We require the tutor to travel to our location at Gwal Pahari. A certification or degree in Spanish Language is preferred. The Spanish language instructor should be punctual and be willing",https://www.urbanpro.com/gurgaon/urgently-require-spanish-language-instructor-at-home-in-gwal-pahari/12552067
B,e4,foreign language instructor,2,D00702,0.41533355073666517,True,0.4,1.0,1.0,"Program in Teaching French as a Foreign Language was established in 1985 under the Department of Foreign Education. 2 full professors,3 assistant professors and 3 research assistant are currently working in the department. The Program in Teaching French as a Foreign Language offe",https://www.anadolu.edu.tr/en/academics/faculties/1889/program-in-french-language-teackktc-nationality/program-profile
B,e4,foreign language instructor,3,D00391,0.3248841664499342,False,0.4,1.0,1.0,"I’ve never understood the whole points thing, scholarships, etc. for open comps. I don’t do enough open comps for it to matter – but I’d love to understand it. I’ve tried to look it up and other than the official rules which are like reading a law-book ( in other words make no se",https://dancingwithstefanie.com/tag/dance-studio/
B,e4,foreign language instructor,4,D25429,0.30463650961846983,False,0.4,1.0,1.0,"Note: If you're on an iPhone, you cannot change the language of Facebook through the mobile app. Instead, Facebook uses whatever language your phone is set up to use, so to change it you have to pick a different language for your entire phone. Do this through the Settings app via",https://www.basicfacebookhelp.com/2018/11/change-facebook-to-english.html
B,e4,foreign language instructor,5,D12938,0.28206477492097254,False,0.4,1.0,1.0,"Although this course was very hard work, the instructor was brilliant and led you through the curriculum extremely well. Staff were very helpful and friendly. Food was excellent.",http://www.firebrandtraining.it/courses/one/ddos-in-a-day
B,e5,New Jersey State barbecue championship,1,D02965,0.3436255946651754,False,0.2,1.0,0.5,"Although New Jersey is the fourth smallest state in the United States, it is the 11th most populous state in the country with over an estimated 8,900,000 people residing there. It is also statistically deemed the second wealthiest. New Jersey is bordered north and east by New Yor",https://randspear.com/rand-spear-new-jersey-office.php
B,e5,New Jersey State barbecue championship,2,D13763,0.26074553630339736,True,0.2,1.0,0.5,"THE NEW JERSEY STATE BARBECUE CHAMPIONSHIP ( njbbq.com) will be held July 10 to 12 in North Wildwood. The 17th annual throwdown, sanctioned by the top-dog Kansas City Barbeque Society, brings 72 teams from around the country to compete in four categories—chicken, pork ribs, pulle",http://digital.njmonthly.com/njmonthly/july_2015?pg=50
B,e5,New Jersey State barbecue championship,3,D22067,0.2364272405230152,False,0.2,1.0,0.5,"Dhaka, August 27: Bangladesh will host the 2018 edition of South Asian football championship. An executive committee meeting, presided by BFF president Kazi Salahuddin, of the South Asian Football Federation (SAFF) on August 27 in Kathmandu also decided to hold elections to a new",https://www.bff.com.bd/2018-saff-championship-in-dhaka/
B,e5,New Jersey State barbecue championship,4,D21572,0.21531314140593463,False,0.2,1.0,0.5,"Just as the weather gets warmer, Scottish company Endura has launched a superlight 85 gram jersey as part of its FS260 pro-level kit. With an athletic cut which avoids windflap, the jersey is the same spec as those supplied to the Movistar, although without their colour scheme. U",https://www.cyclingweekly.com/news/product-news/endura-launches-super-lightweight-jersey-165618
B,e5,New Jersey State barbecue championship,5,D25249,0.2121275350954538,False,0.2,1.0,0.5,Denver has the most saturated market of roofers in the country. Choose quality over quantity. Avoid these 5 mistakes when choosing a Roofer! Take a look at some of the pictures from our Company's Summer Barbecue!,https://www.exexco.com/about-us/news-and-events.html
C,e1,RTS environmental classification construction project,1,D18972,0.7689883632158175,True,0.2,1.0,1.0,"The new RTS Environmental Classification system (RTS GLT) is designed for parties who are commissioning construction projects and who want to build in an environmentally responsible manner. The environmental classification system was developed for Finland, and it takes into accou",http://glt.rts.fi/etusivu/rts-ymparistoluokitus/rts-glt-environmental-classification-information-in-english/
C,e1,RTS environmental classification construction project,2,D12148,0.32735034413075653,False,0.2,1.0,1.0,- * ds1685_rtc_begin_ctrl_access - prepare the rtc for ctrl access. - * @rtc: pointer to the ds1685 rtc structure. - * @flags: irq flags variable for spin_lock_irqsave. - * - Sets a spinlock on the rtc IRQ. - * Only use this where you are certain another lock will not be held. - ,https://lkml.org/lkml/2019/4/16/291
C,e1,RTS environmental classification construction project,3,D08528,0.3006592926543439,False,0.2,1.0,1.0,History of maize classification. How races used in classification. Geographical distribution. Existing races of maize in Mexico.,https://books.google.rs/books?id=tXxQAAAAMAAJ&amp;hl=sr&amp;source=gbs_book_other_versions_r&amp;cad=4
C,e1,RTS environmental classification construction project,4,D17155,0.28809767673345815,False,0.2,1.0,1.0,"Hamden is located at the intersection of Rt-15 (Merritt Parkway) and Rt-40 in south central Connecticut, approx. 10 miles north of New Haven. From the North (Hartford): I-91 south approx. 31 miles to Rt-40 Connector (exit 10). Proceed northwest on Rt-40 Connector approx. 2.75 mil",http://www.arenamaps.com/arenas/4832.htm
C,e1,RTS environmental classification construction project,5,D28837,0.2804429542344389,False,0.2,1.0,1.0,"14.56 acres for sale in Gainesville. Land includes 354 Feet of frontage on Rt 29. Zoned A-1; Comp planned CEC. Located near intersection of Rt-29 and Rt-15 and across the street from The Shops At Stonewall. (Wegmans, Dicks Sporting Goods, Staples). Listed with Wright Realty, Inc.",http://www.athomewithphyllis.com/idx/mls-1000027701-15510_lee_highway_gainesville_va_20155
C,e2,medical second opinion advice treatment,1,D08371,0.6253114586525339,True,0.4,1.0,1.0,"What is a Online Medical Second Opinion? For over 25 years, patients and families have looked to We Care India for medical advice and treatment. Now you may consult with our world-renowned physicians from the comfort of your home utilizing the customized second opinion service th",https://indiahospitaltour.com/patient-services/second-opinion.html
C,e2,medical second opinion advice treatment,2,D10891,0.31377916164641656,True,0.4,1.0,1.0,"""Find best Criticalcare Physicians in Dhaka to get instant medical advice and second opinion for your health problems. Ask the doctors online and consult them on face-to-face video chat or phone."" Get started now!",https://www.icliniq.com/search/online-doctors-directory/criticalcare-physician/Dhaka
C,e2,medical second opinion advice treatment,3,D22382,0.2669472105385128,False,0.4,1.0,1.0,"Hi, my name is .... well... Summer. That's not my real name, of course (names changed to protect the innocent) but I am a real person who is really on DC Workers' Compensation and receiving medical treatment. You may be wondering, is it really as difficult and challenging as they",https://www.donahoekearney.com/blog/adventures-of-handling-your-own-dc-workers-comp-case.cfm
C,e2,medical second opinion advice treatment,4,D17393,0.2537198346078631,False,0.4,1.0,1.0,"Start enjoying all the features and tools of Baby Corner by logging into your account here. All information on this site is for informational purposes only. All content and articles and tools provided on thebabycorner.com or our partner websites is written by parents, for parents",https://www.thebabycorner.com/member-login.php
C,e2,medical second opinion advice treatment,5,D12659,0.21195595391183947,False,0.4,1.0,1.0,"This guidance is for pharmacists who handle, use and sell/supply medical devices. What to do with medical device alerts. Why this guidance is important for you? What types of medical devices are sold in pharmacies? What factors do I need to consider when obtaining medical devices",https://www.rpharms.com/resources/quick-reference-guides/medical-devices
C,e3,big data healthcare systems,1,D11120,0.6273412042579537,True,0.2,1.0,1.0,The opportunities offered by Big Data will only materialize when healthcare systems move beyond the mere collection of large amounts of data. Linkage of previously separated data sets and their analysis using appropriate Big Data analytics offer new ways to accelerate research an,https://www.harmony-alliance.eu/for-patients-carers/4-important-questions-about-big-data-in-health
C,e3,big data healthcare systems,2,D11980,0.31289106513641063,False,0.2,1.0,1.0,"Doctorate of Healthcare Organization Program is designed for the healthcare professionals who are working in healthcare organizations especially in hospitals or in clinics and who would like to broaden their knowledge, expand their expertise and develop research skills with a foc",http://www.ciu.edu.tr/en/academic/institute-graduate-studies-and-research/professional-doctorate-programs/healthcare
C,e3,big data healthcare systems,3,D17002,0.3127193404236969,False,0.2,1.0,1.0,"Organizations around the globe are facing a similar problem: how to make sure the data they’re looking at accurately reflects the data they need to make the right business decisions. Kash Medhi, Senior Product Specialist at Collibra, will discuss how businesses in different indus",https://www.collibra.com/landing_page/data-governance-around-the-world
C,e3,big data healthcare systems,4,D09253,0.3081095583588276,False,0.2,1.0,1.0,"SAN DIEGO AND WASHINGTON, D.C. – Sept. 5, 2018 – West Health, a family of nonpartisan, nonprofit organizations focused on healthcare research, policy and philanthropy, has appointed Cristina Boccuti, MA, MPP, formerly of the Kaiser Family Foundation, as director of health policy ",https://www.westhealth.org/press-release/west-health-policy-center-bolsters-commitment-to-lowering-healthcare-costs/
C,e3,big data healthcare systems,5,D02154,0.29586335763789245,False,0.2,1.0,1.0,"The democratization of data is a real phenomenon, but building a sustainable data democracy means truly giving power to the people. The alternative is just a shift of power from traditional data analysts within IT departments to a new generation of data scientists and app develop",https://gigaom.com/2013/04/07/we-need-a-data-democracy-not-a-benevolent-data-dictatorship/
C,e4,foreign language instructor,1,D04076,0.4594454285705962,True,0.4,1.0,1.0,"Looking for Spanish language instructor to improve my reading, writing and speaking skills. We require the tutor to travel to our location at Gwal Pahari. A certification or degree in Spanish Language is preferred. The Spanish language instructor should be punctual and be willing",https://www.urbanpro.com/gurgaon/urgently-require-spanish-language-instructor-at-home-in-gwal-pahari/12552067
C,e4,foreign language instructor,2,D00702,0.4047074439946383,True,0.4,1.0,1.0,"Program in Teaching French as a Foreign Language was established in 1985 under the Department of Foreign Education. 2 full professors,3 assistant professors and 3 research assistant are currently working in the department. The Program in Teaching French as a Foreign Language offe",https://www.anadolu.edu.tr/en/academics/faculties/1889/program-in-french-language-teackktc-nationality/program-profile
C,e4,foreign language instructor,3,D25429,0.3001215631460327,False,0.4,1.0,1.0,"Note: If you're on an iPhone, you cannot change the language of Facebook through the mobile app. Instead, Facebook uses whatever language your phone is set up to use, so to change it you have to pick a different language for your entire phone. Do this through the Settings app via",https://www.basicfacebookhelp.com/2018/11/change-facebook-to-english.html
C,e4,foreign language instructor,4,D00391,0.2842591723966836,False,0.4,1.0,1.0,"I’ve never understood the whole points thing, scholarships, etc. for open comps. I don’t do enough open comps for it to matter – but I’d love to understand it. I’ve tried to look it up and other than the official rules which are like reading a law-book ( in other words make no se",https://dancingwithstefanie.com/tag/dance-studio/
C,e4,foreign language instructor,5,D12938,0.2583792421628142,False,0.4,1.0,1.0,"Although this course was very hard work, the instructor was brilliant and led you through the curriculum extremely well. Staff were very helpful and friendly. Food was excellent.",http://www.firebrandtraining.it/courses/one/ddos-in-a-day
C,e5,New Jersey State barbecue championship,1,D13763,0.387302440268408,True,0.2,1.0,1.0,"THE NEW JERSEY STATE BARBECUE CHAMPIONSHIP ( njbbq.com) will be held July 10 to 12 in North Wildwood. The 17th annual throwdown, sanctioned by the top-dog Kansas City Barbeque Society, brings 72 teams from around the country to compete in four categories—chicken, pork ribs, pulle",http://digital.njmonthly.com/njmonthly/july_2015?pg=50
C,e5,New Jersey State barbecue championship,2,D25249,0.3270867093187647,False,0.2,1.0,1.0,Denver has the most saturated market of roofers in the country. Choose quality over quantity. Avoid these 5 mistakes when choosing a Roofer! Take a look at some of the pictures from our Company's Summer Barbecue!,https://www.exexco.com/about-us/news-and-events.html
C,e5,New Jersey State barbecue championship,3,D02965,0.2993878971329042,False,0.2,1.0,1.0,"Although New Jersey is the fourth smallest state in the United States, it is the 11th most populous state in the country with over an estimated 8,900,000 people residing there. It is also statistically deemed the second wealthiest. New Jersey is bordered north and east by New Yor",https://randspear.com/rand-spear-new-jersey-office.php
C,e5,New Jersey State barbecue championship,4,D21147,0.283979125799768,False,0.2,1.0,1.0,The teacher put the students’ drawings on the wall. I drink nothing but apple juice. He lost his arm in a car accident. I broke an arm in a car accident. We'll have a barbecue this Friday. The base of the house is made of concrete.,http://eng.kut.com.tw/2012/12/122.html
C,e5,New Jersey State barbecue championship,5,D22067,0.23692813831113488,False,0.2,1.0,1.0,"Dhaka, August 27: Bangladesh will host the 2018 edition of South Asian football championship. An executive committee meeting, presided by BFF president Kazi Salahuddin, of the South Asian Football Federation (SAFF) on August 27 in Kathmandu also decided to hold elections to a new",https://www.bff.com.bd/2018-saff-championship-in-dhaka/
